[{"id":1,"namespace":"First-sample-dataset","selectedTempFiles":["19. Practice and Procedure.pdf","17. Remedies.pdf"]},{"id":1,"namespace":"frrr","selectedTempFiles":["sal-doc.pdf"]},{"id":1,"namespace":"frrr","selectedTempFiles":["sal-doc.pdf"]},{"id":1,"namespace":"lol","selectedTempFiles":["sal-doc.pdf"]},{"id":1,"namespace":"lol","selectedTempFiles":["Tharu-age-doc.pdf","Tharu-doc.pdf"]},{"id":1,"namespace":"lol","selectedTempFiles":["sal-doc.pdf"]},{"id":1,"namespace":"","selectedTempFiles":["list.pdf"]},{"id":1,"namespace":"","selectedTempFiles":["list.pdf"]}]